{
  "EmailWelcomeMessage": {
    "replies": [
      {
        "text": "WWelcome! I am the Email Skill. I can help you manage your Office 365 email, show your unread email, reply or forward email for you.",
        "speak": "Welcome! I am the Email Skill. I can help you manage your Office 365 email, show your unread email, reply or forward email for you."
      }
    ],
    "suggestedActions": [
      "Show latest email",
      "Send an email to somebody"
    ],
    "inputHint": "acceptingInput"
  },
  "HelpMessage": {
    "replies": [
      {
        "text": "I can provide you an overview of your latest emails, read out important emails to you, or create and forward a new email for you.",
        "speak": " I can provide you an overview of your latest emails, read out important emails to you, or create and forward a new email for you."
      }
    ],
    "suggestedActions": [
      "Show Latest Email",
      "Send an email to somebody",
      "Forward the second email to somebody"
    ],
    "inputHint": "acceptingInput"
  },
  "GreetingMessage": {
    "replies": [
      {
        "text": "Hi!",
        "speak": "Hi!"
      },
      {
        "text": "I'm here!",
        "speak": "I'm here!"
      },
      {
        "text": "Hi there!",
        "speak": "Hi there!"
      }
    ],
    "inputHint": "acceptingInput"
  },
  "LogOut": {
    "replies": [
      {
        "text": "Your sign out was successful.",
        "speak": "Your sign out was successful."
      },
      {
        "text": "You have successfully sign out.",
        "speak": "You have successfully sign out."
      },
      {
        "text": "You have been logged out.",
        "speak": "You have been logged out."
      }
    ],
    "inputHint": "acceptingInput"
  },
  "FeatureNotAvailable": {
    "replies": [
      {
        "text": "This feature is not yet available in the Email Skill. Please try asking something else.",
        "speak": "This feature is not yet available in the Email Skill. Please try asking something else."
      }
    ],
    "inputHint": "acceptingInput"
  },
  "CancelMessage": {
    "replies": [
      {
        "text": "Ok, let's start over.",
        "speak": "Ok, let's start over."
      }
    ],
    "inputHint": "acceptingInput"
  }
}