{
  "DeletePrompt": {
    "replies": [
      {
        "text": "Which one do you want to delete?",
        "speak": "Which one do you want to delete?"
      },
      {
        "text": "Which email would you like me to delete?",
        "speak": "Which email would you like me to delete?"
      },
      {
        "text": "Any email you would like me to delete?",
        "speak": "Any email you would like me to delete?"
      },
      {
        "text": "Which email do you want me to delete?",
        "speak": "Which email do you want me to delete?"
      }
    ],
    "inputHint": "expectingInput"
  },
  "DeleteConfirm": {
    "replies": [
      {
        "text": "Are you sure you want to delete?",
        "speak": "Are you sure you want to delete? Details of email: {EmailDetails}"
      }
    ],
    "inputHint": "expectingInput"
  },
  "DeleteSuccessfully": {
    "replies": [
      {
        "text": "Your email has been successfully deleted.",
        "speak": "Your email has been successfully deleted."
      }
    ],
    "inputHint": "acceptingInput"
  }
}