{
  "ReadOutMessage": {
    "replies": [
      {
        "text": "The email is {EmailDetails}.",
        "speak": "The email is {EmailDetailsWithContent}."
      }
    ],
    "inputHint": "acceptingInput"
  },
  "ReadOutMorePrompt": {
    "replies": [
      {
        "text": "Would you like to go back to your email overview? Alternatively you can ask me to complete an action on this email.",
        "speak": "Would you like to go back to your email overview? Alternatively you can ask me to complete an action on this email."
      }
    ],
    "inputHint": "expectingInput"
  },
  "ReadOutOnlyOnePrompt": {
    "replies": [
      {
        "speak": "Do you want to know the content of this email?",
        "text": "Do you want to know the content of this email?"
      }
    ],
    "inputHint": "expectingInput"
  },
  "ReadOutPrompt": {
    "replies": [
      {
        "speak": "Do you want more detail on the first email? You can also ask about other emails too either by subject or sender.",
        "text": "Do you want more detail on the first email? You can also ask about other emails too either by subject or sender."
      }
    ],
    "inputHint": "expectingInput"
  }
}