{
  "NoRecipients": {
    "replies": [
      {
        "text": "Sure, who's the email going to?",
        "speak": "Sure, Who's the email going to?"
      }
    ],
    "inputHint": "expectingInput"
  },
  "PromptOneNameOneAddress": {
    "replies": [
      {
        "text": "Okay, I will add {UserName}: {EmailAddress}. Is {UserName} the one you were looking for?",
        "speak": "Okay, I will add {UserName}: {EmailAddress}. Is {UserName} the one you were looking for?"
      }
    ],
    "inputHint": "expectingInput"
  },
  "ConfirmMultipleContactNameSinglePage": {
    "replies": [
      {
        "text": "I found multiple contacts for {UserName}. Which one would you like?",
        "speak": "I found multiple contacts for {UserName}. Which one would you like?"
      }
    ],
    "inputHint": "expectingInput"
  },
  "ConfirmMultipleContactNameMultiPage": {
    "replies": [
      {
        "text": "I found multiple contacts for {UserName}. Which one would you like? You can also ask me to show you the previous or more options.",
        "speak": "I found multiple contacts for {UserName}. Which one would you like? You can also ask me to show you the previous or more options."
      }
    ],
    "inputHint": "expectingInput"
  },
  "ConfirmMultiplContactEmailSinglePage": {
    "replies": [
      {
        "text": "I found multiple contact details for {UserName}. Which one would you like?",
        "speak": "I found multiple contact details for {UserName}. Which one would you like?"
      }
    ],
    "inputHint": "expectingInput"
  },
  "ConfirmMultiplContactEmailMultiPage": {
    "replies": [
      {
        "text": "I found multiple contact details for {UserName}. Which one would you like? You can also ask me to show you the previous or more options.",
        "speak": "I found multiple contacts for {UserName}. Which one would you like? You can also ask me to show you the previous or more options."
      }
    ],
    "inputHint": "expectingInput"
  },
  "UserNotFound": {
    "replies": [
      {
        "text": "I could not find the \"{UserName}\" you are looking for. Can you call out the name of the contact again? Please try to be as specific as possible.",
        "speak": "I could not find the \"{UserName}\" you are looking for. Can you call out the name of the contact again? Please try to be as specific as possible."
      }
    ],
    "inputHint": "expectingInput"
  },
  "UserNotFoundAgain": {
    "replies": [
      {
        "text": "Unfortunately, I could not find the \"{UserName}\" you want to select. For next time, it could help if you add the contact to your contact book in {Source}.",
        "speak": "Unfortunately, I could not find the \"{UserName}\" you want to select. For next time, it could help if you add the contact to your contact book in {Source}."
      }
    ],
    "inputHint": "expectingInput"
  },
  "BeforeSendingMessage": {
    "replies": [
      {
        "text": "Okay, I understand you want to send the email to {NameList}.",
        "speak": "Okay, I understand you want to send the email to {NameList}."
      }
    ],
    "inputHint": "expectingInput"
  },
  "AlreadyFirstPage": {
    "replies": [
      {
        "text": "This is already the first page.",
        "speak": " "
      }
    ],
    "inputHint": "expectingInput"
  },
  "AlreadyLastPage": {
    "replies": [
      {
        "text": "This is already the last page.",
        "speak": " "
      }
    ],
    "inputHint": "expectingInput"
  },
  "AddMoreContactsPrompt": {
    "replies": [
      {
        "text": "I have included {NameList}, do you want to add another?",
        "speak": "I have included {NameList}, do you want to add another?"
      }
    ],
    "inputHint": "expectingInput"
  },
  "AddMoreContacts": {
    "replies": [
      {
        "text": "Who do you want to add?",
        "speak": "Who do you want to add?"
      }
    ],
    "inputHint": "expectingInput"
  },
  "DidntUnderstandMessage": {
    "replies": [
      {
        "text": "Sorry, I didn't understand what you meant.",
        "speak": "Sorry, I didn't understand what you meant."
      },
      {
        "text": "I didn't understand, perhaps try again in a different way.",
        "speak": "I didn't understand, perhaps try again in a different way."
      },
      {
        "text": "Can you try to ask in a different way.",
        "speak": "Can you try to ask in a different way."
      },
      {
        "text": "I didn't get what you mean, can you try in a different way.",
        "speak": "I didn't get what you mean, can you try in a different way."
      },
      {
        "text": "Could you elaborate?",
        "speak": "Could you elaborate?"
      },
      {
        "text": "Say that again please in a different way.",
        "speak": "Say that again please in a different way."
      },
      {
        "text": "I didn't quite get that.",
        "speak": "I didn't quite get that."
      },
      {
        "text": "Can you say that in a different way?",
        "speak": "Can you say that in a different way?"
      },
      {
        "text": "Can you try to ask me again, I didn't get what you mean.",
        "speak": "Can you try to ask me again, I didn't get what you mean."
      }
    ],
    "inputHint": "acceptingInput"
  },
  "ErrorMessage": {
    "replies": [
      {
        "text": "Sorry, it looks like something went wrong!",
        "speak": "Sorry, it looks like something went wrong!"
      },
      {
        "text": "An error occurred. Give me some time and try again later.",
        "speak": "An error occurred. Give me some time and try again later."
      },
      {
        "text": "Something went wrong. Sorry!",
        "speak": "Something went wrong. Sorry!"
      },
      {
        "text": "I believe something went wrong. Can you try again later?",
        "speak": "I believe something went wrong. Can you try again later?"
      },
      {
        "text": "Sorry I think I cannot find what you want right now. Try again later please.",
        "speak": "Sorry I think I cannot find what you want right now. Try again later please."
      }
    ],
    "inputHint": "acceptingInput"
  }
}