{
  "DidntUnderstandMessage": {
    "replies": [
      {
        "text": "Sorry, I didn't understand what you meant.",
        "speak": "Sorry, I didn't understand what you meant."
      },
      {
        "text": "I didn't understand, perhaps try again in a different way.",
        "speak": "I didn't understand, perhaps try again in a different way."
      },
      {
        "text": "Can you try to ask in a different way.",
        "speak": "Can you try to ask in a different way."
      },
      {
        "text": "I didn't get what you mean, can you try in a different way.",
        "speak": "I didn't get what you mean, can you try in a different way."
      },
      {
        "text": "Could you elaborate?",
        "speak": "Could you elaborate?"
      },
      {
        "text": "Say that again please in a different way.",
        "speak": "Say that again please in a different way."
      },
      {
        "text": "I didn't quite get that.",
        "speak": "I didn't quite get that."
      },
      {
        "text": "Can you say that in a different way?",
        "speak": "Can you say that in a different way?"
      },
      {
        "text": "Can you try to ask me again, I didn't get what you mean.",
        "speak": "Can you try to ask me again, I didn't get what you mean."
      }
    ],
    "inputHint": "acceptingInput"
  },
  "DidntUnderstandMessageIgnoringInput": {
    "replies": [
      {
        "text": "Sorry, I didn't get what you mean.",
        "speak": "Sorry, I didn't get what you mean."
      },
      {
        "text": "I don't understand. Try in a different way.",
        "speak": "I don't understand. Try in a different way."
      }
    ],
    "inputHint": "ignoringInput"
  },
  "CancellingMessage": {
    "replies": [
      {
        "text": "Sure, we can do this later.",
        "speak": "Sure, we can do this later."
      },
      {
        "text": "Sure, we can start this later.",
        "speak": "Sure, we can start this later."
      },
      {
        "text": "No problem. You can try again at another time.",
        "speak": "No problem. You can try again at another time."
      },
      {
        "text": "Alright, let me know when you need my help.",
        "speak": "Alright, let me know when you need my help."
      },
      {
        "text": "Sure, I'm here if you need me.",
        "speak": "Sure, I'm here if you need me."
      }
    ],
    "inputHint": "acceptingInput"
  },
  "NoAuth": {
    "replies": [
      {
        "text": "Please log in so I can take further action.",
        "speak": "Please log in so I can take further action."
      },
      {
        "text": "Please log in so I can proceed your request.",
        "speak": "Please log in so I can proceed your request."
      },
      {
        "text": "Can you log in so I can help you out further.",
        "speak": "Can you log in so I can help you out further."
      },
      {
        "text": "You need to log in so I can take further action.",
        "speak": "You need to log in so I can take further action."
      }
    ],
    "inputHint": "acceptingInput"
  },
  "AuthFailed": {
    "replies": [
      {
        "text": "Authentication failed. Try again please.",
        "speak": "Authentication failed. Try again please."
      },
      {
        "text": "You failed to log in. Please try again later.",
        "speak": "You failed to log in. Please try again later."
      },
      {
        "text": "Your log in failed. Let's try this again.",
        "speak": "Your log in failed. Let's try this again."
      }
    ],
    "inputHint": "acceptingInput"
  },
  "ActionEnded": {
    "replies": [
      {
        "text": "Anything else I can help you with?",
        "speak": "Anything else I can help you with?"
      },
      {
        "text": "Is there is anything else I can help you out with?",
        "speak": "Is there is anything else I can help you out with?"
      },
      {
        "text": "Anything else you would like to take action on?",
        "speak": "Anything else you would like to take action on?"
      },
      {
        "text": "Let me know if you need my help with anything else.",
        "speak": "Let me know if you need my help with anything else."
      },
      {
        "text": "I'm here if you need me.",
        "speak": "I'm here if you need me."
      }
    ],
    "inputHint": "acceptingInput"
  },
  "EmailErrorMessage": {
    "replies": [
      {
        "text": "Sorry, it looks like something went wrong!",
        "speak": "Sorry, it looks like something went wrong!"
      },
      {
        "text": "An error occurred. Give me some time and try again later.",
        "speak": "An error occurred. Give me some time and try again later."
      },
      {
        "text": "Something went wrong. Sorry!",
        "speak": "Something went wrong. Sorry!"
      },
      {
        "text": "I believe something went wrong. Can you try again later?",
        "speak": "I believe something went wrong. Can you try again later?"
      },
      {
        "text": "Sorry I think I cannot find what you want right now. Try again later please.",
        "speak": "Sorry I think I cannot find what you want right now. Try again later please."
      }
    ],
    "inputHint": "acceptingInput"
  },
  "EmailErrorMessageBotProblem": {
    "replies": [
      {
        "text": "Sorry, there is something wrong with the bot at the moment. The developer has been notified about it so you'll be able to perform the action again very soon.",
        "speak": "Sorry, there is something wrong with the bot at the moment. The developer has been notified about it so you'll be able to perform the action again very soon."
      }
    ],
    "inputHint": "acceptingInput"
  },
  "EmailErrorMessageAccountProblem": {
    "replies": [
      {
        "text": "Sorry, there is something wrong with your email account at the moment. Please follow the instructions in your Inbox to verify your account.",
        "speak": "Sorry, there is something wrong with your email account at the moment. Please follow the instructions in your Inbox to verify your account."
      }
    ],
    "inputHint": "acceptingInput"
  },
  "SentSuccessfully": {
    "replies": [
      {
        "text": "I have sent the email with subject {Subject}.",
        "speak": "I have sent the email with subject {Subject}."
      }
    ],
    "inputHint": "acceptingInput"
  },
  "NoEmailContent": {
    "replies": [
      {
        "text": "What would you like to add as a message?",
        "speak": "What would you like to add as a message?"
      }
    ],
    "inputHint": "expectingInput"
  },
  "RecipientConfirmed": {
    "replies": [
      {
        "text": "Alright, I will send this to {UserName}.",
        "speak": "Alright, I will send this to {UserName}."
      }
    ],
    "inputHint": "acceptingInput"
  },
  "ConfirmSend": {
    "replies": [
      {
        "text": "I'm ready to send the email.",
        "speak": "I'm ready to send the email. The Email detail is: {EmailDetails}."
      }
    ],
    "inputHint": "expectingInput"
  },
  "ConfirmSendMessage": {
    "replies": [
      {
        "text": " Can you confirm this email?",
        "speak": " Can you confirm this email?"
      }
    ],
    "inputHint": "expectingInput"
  },
  "ConfirmSendRecipientsMessage": {
    "replies": [
      {
        "text": " Do you want to go through the rest of the recipients?",
        "speak": " Do you want to go through the rest of the recipients?"
      }
    ],
    "inputHint": "expectingInput"
  },
  "ConfirmSendRecipients": {
    "replies": [
      {
        "text": "Recipients are {RecipientsList}.",
        "speak": "Recipients are {RecipientsList}."
      }
    ],
    "inputHint": "expectingInput"
  },
  "ConfirmSendRecipientsFailed": {
    "replies": [
      {
        "text": "Please confirm if you want do go through the rest of the recipients.",
        "speak": "Please confirm if you want do go through the rest of the recipients."
      }
    ],
    "inputHint": "expectingInput"
  },
  "ConfirmSendFailed": {
    "replies": [
      {
        "text": "Please confirm before sending this email.",
        "speak": "Please confirm before sending this email."
      },
      {
        "text": "Please confirm this email.",
        "speak": "Please confirm this email."
      }
    ],
    "inputHint": "expectingInput"
  },
  "EmailNotFound": {
    "replies": [
      {
        "text": "It seems you have no new emails. Just let me know if you want to set up a new email.",
        "speak": "It seems you have no new emails. Just let me know if you want to set up a new email."
      },
      {
        "text": "I did not retrieve any relevant emails at this time. Just let me know if you want to set up a new email.",
        "speak": "I did not retrieve any relevant emails at this time. Just let me know if you want to set up a new email."
      }
    ],
    "inputHint": "acceptingInput"
  },
  "NoFocusMessage": {
    "replies": [
      {
        "text": "Which email are you referring to?",
        "speak": "Which email are you referring to?"
      },
      {
        "text": "Which email do you mean exactly?",
        "speak": "Which email do you mean exactly?"
      },
      {
        "text": "Which email are you talking about?",
        "speak": "Which email are you talking about?"
      },
      {
        "text": "Can you explain which email you are referring to?",
        "speak": "Can you explain which email you are referring to?"
      }
    ],
    "inputHint": "expectingInput"
  },
  "ShowEmailPrompt": {
    "replies": [
      {
        "text": "You have {TotalCount} emails. The latest email is {EmailListDetails}.",
        "speak": "You have {TotalCount} emails. The latest email is {EmailListDetails}."
      }
    ],
    "inputHint": "acceptingInput"
  },
  "ShowEmailPromptOtherPage": {
    "replies": [
      {
        "text": "You have {TotalCount} emails. The first email is {EmailListDetails}.",
        "speak": "You have {TotalCount} emails. The first email is {EmailListDetails}."
      }
    ],
    "inputHint": "acceptingInput"
  },
  "ShowOneEmailPrompt": {
    "replies": [
      {
        "text": "You have 1 email. The latest email is {EmailListDetails}.",
        "speak": "You have 1 email. The latest email is {EmailListDetails}."
      }
    ],
    "inputHint": "acceptingInput"
  },
  "ShowOneEmailPromptOtherPage": {
    "replies": [
      {
        "text": "You have 1 email. The first email is {EmailListDetails}.",
        "speak": "You have 1 email. The first email is {EmailListDetails}."
      }
    ],
    "inputHint": "acceptingInput"
  },
  "FirstPageAlready": {
    "replies": [
      {
        "text": "This is already the first page. ",
        "speak": "This is already the first page. "
      }
    ],
    "inputHint": "acceptingInput"
  },
  "LastPageAlready": {
    "replies": [
      {
        "text": "This is already the last page. ",
        "speak": "This is already the last page. "
      }
    ],
    "inputHint": "acceptingInput"
  },
  "NoChoiceOptionsRetry": {
    "replies": [
      {
        "text": "I don't understand what you input. Can you try in a different way? You can input the first one, 1, or you can try next page, previous page or read more.",
        "speak": "I don't understand what you input. Can you try in a different way? You can say the first one, 1, or you can try next page, previous page or read more."
      },
      {
        "text": "I don't understand what you input.",
        "speak": "I don't understand what you input."
      }
    ],
    "inputHint": "expectingInput"
  },
  "NoRecipients": {
    "replies": [
      {
        "text": "Sure, who's the email going to?",
        "speak": "Sure, Who's the email going to?"
      }
    ],
    "inputHint": "expectingInput"
  }
}
