{
  "id": "emailSkill",
  "name": "Email Skill",
  "description": "The Email skill provides email related capabilities and supports Office and Google calendars.",
  "iconUrl": "emailSkill.png",
  "authenticationConnections": [
    {
      "id": "Outlook",
      "serviceProviderId": "Azure Active Directory v2",
      "scopes": "User.ReadBasic.All, Mail.ReadWrite, Mail.Send, People.Read, Contacts.Read"
    },
    {
      "id": "Google",
      "serviceProviderId": "Google",
      "scopes": "https://www.googleapis.com/auth/calendar https://www.googleapis.com/auth/contacts"
    }
  ],
  "actions": [
    {
      "id": "emailskill_sendEmail",
      "definition": {
        "description": "Send an email",
        "slots": [ ],
        "triggers": {
          "utteranceSources": [
            {
              "locale": "en",
              "source": [
                "Email#SendEmail"
              ]
            }
          ]
        }
      }
    },
    {
      "id": "emailskill_forwardEmail",
      "definition": {
        "description": "Forward an email",
        "slots": [],
        "triggers": {
          "utteranceSources": [
            {
              "locale": "en",
              "source": [
                "Email#Forward"
              ]
            }
          ]
        }
      }
    },
    {
      "id": "emailskill_replyEmail",
      "definition": {
        "description": "Reply to an email",
        "slots": [],
        "triggers": {
          "utteranceSources": [
            {
              "locale": "en",
              "source": [
                "Email#Reply"
              ]
            }
          ]
        }
      }
    },
    {
      "id": "emailskill_showEmail",
      "definition": {
        "description": "Retrieve a summary of emails.",
        "slots": [],
        "triggers": {
          "utteranceSources": [
            {
              "locale": "en",
              "source": [
                "Email#SearchMessages",
                "Email#CheckMessages",
                "Email#ReadAloud",
                "Email#QueryLastText"
              ]
            }
          ]
        }
      }
    },
    {
      "id": "emailskill_deleteEmail",
      "definition": {
        "description": "Delete an email",
        "slots": [],
        "triggers": {
          "utteranceSources": [
            {
              "locale": "en",
              "source": [
                "Email#Delete"
              ]
            }
          ]
        }
      }
    }
  ]
}