{
  "NoSubject": {
    "replies": [
      {
        "text": "What is the email subject?",
        "speak": "What is the email subject?"
      }
    ],
    "inputHint": "expectingInput"
  },
  "NoMessageBody": {
    "replies": [
      {
        "text": "What content do you want to add to the email? You can say skip to bypass it.",
        "speak": "What content do you want to add to the email? You can say skip to bypass it."
      }
    ],
    "inputHint": "expectingInput"
  },
  "RetryNoSubject": {
    "replies": [
      {
        "text": "Including a subject is often appreciated by contacts. Want to add a subject? You can say skip to bypass it.",
        "speak": "Including a subject is often appreciated by contacts. Want to add a subject? You can say skip to bypass it."
      }
    ],
    "inputHint": "expectingInput"
  },
  "PlayBackMessage": {
    "replies": [
      {
        "text": "I will repeat the message for you to confirm:",
        "speak": "I will repeat the message for you to confirm: {EmailContent}"
      }
    ],
    "inputHint": "expectingInput"
  },
  "CheckContent": {
    "replies": [
      {
        "text": "Do you want to include this in the email?",
        "speak": "Do you want to include this in the email?"
      }
    ],
    "suggestedActions": [
      "Yes",
      "No"
    ],
    "inputHint": "expectingInput"
  },
  "RetryContent": {
    "replies": [
      {
        "text": "Got it, this email will not be sent.",
        "speak": "Got it, this email will not be sent."
      }
    ],
    "inputHint": "expectingInput"
  },
  "GetRecreateInfo": {
    "replies": [
      {
        "text": "Would you like to change the Participants, Subject or the Content?",
        "speak": "Would you like to change the Participants, Subject or the Content?"
      }
    ],
    "suggestedActions": [
      "Participants",
      "Subject",
      "Content"
    ],
    "inputHint": "expectingInput"
  },
  "GetRecreateInfoRetry": {
    "replies": [
      {
        "text": "You can try Participants, Subject, or Content. Or say cancel.",
        "speak": "You can try Participants, Subject, or Content. Or say cancel."
      }
    ],
    "inputHint": "expectingInput"
  },
  "ConfirmMessageRetry": {
    "replies": [
      {
        "text": "Please confirm this message. You can say yes or no.",
        "speak": "Please confirm this message. You can say yes or no."
      },
      {
        "text": "Please confirm this message.",
        "speak": "Please confirm this message."
      }
    ],
    "inputHint": "expectingInput"
  }
}